sample_index,ingress_sequence,kind,control,action,value,pulse_index,pulse_phase
0,1,accepted_control,ENERGY,UNSUPPORTED,0.68000000000000005,0,0
0,2,accepted_control,TICK,UNSUPPORTED,0,0,0
0,3,accepted_control,PULSE,UNSUPPORTED,2,2,0
0,4,accepted_control,BREAK,UNSUPPORTED,0,2,0
0,0,pulse_onset,ENERGY,UNSUPPORTED,0,2,4.1666666666666665e-05
24000,0,pulse_onset,ENERGY,UNSUPPORTED,0,2,4.1666667230882006e-05
48000,5,accepted_control,BREAK,UNSUPPORTED,0,2,1.1284306822290091e-12
48000,0,pulse_onset,ENERGY,UNSUPPORTED,0,2,4.1666667795097348e-05
72000,0,pulse_onset,ENERGY,UNSUPPORTED,0,2,4.1666668359312689e-05
96000,6,accepted_control,BREAK,UNSUPPORTED,0,2,2.2568613644580182e-12
96000,0,pulse_onset,ENERGY,UNSUPPORTED,0,2,4.166666892352803e-05
120000,0,pulse_onset,ENERGY,UNSUPPORTED,0,2,4.1666669487743371e-05
144000,0,pulse_onset,ENERGY,UNSUPPORTED,0,2,4.1666670051958712e-05
168000,0,pulse_onset,ENERGY,UNSUPPORTED,0,2,4.1666670616174053e-05
192000,7,accepted_control,PULSE,UNSUPPORTED,3,3,4.5137227289160364e-12
192000,8,accepted_control,BREAK,UNSUPPORTED,0,3,4.5137227289160364e-12
192000,0,pulse_onset,ENERGY,UNSUPPORTED,0,3,8.3333337847056059e-05
204000,0,pulse_onset,ENERGY,UNSUPPORTED,0,3,8.3333337753575281e-05
216000,0,pulse_onset,ENERGY,UNSUPPORTED,0,3,8.3333337660094502e-05
228000,0,pulse_onset,ENERGY,UNSUPPORTED,0,3,8.3333337566613723e-05
240000,9,accepted_control,BREAK,UNSUPPORTED,0,3,4.1397996142222837e-12
240000,0,pulse_onset,ENERGY,UNSUPPORTED,0,3,8.3333337473132945e-05
252000,0,pulse_onset,ENERGY,UNSUPPORTED,0,3,8.3333337379652166e-05
264000,0,pulse_onset,ENERGY,UNSUPPORTED,0,3,8.3333337286171387e-05
276000,0,pulse_onset,ENERGY,UNSUPPORTED,0,3,8.3333337192690609e-05
288000,10,accepted_control,BREAK,UNSUPPORTED,0,3,3.765876499528531e-12
288000,0,pulse_onset,ENERGY,UNSUPPORTED,0,3,8.333333709920983e-05
300000,0,pulse_onset,ENERGY,UNSUPPORTED,0,3,8.3333337005729051e-05
312000,0,pulse_onset,ENERGY,UNSUPPORTED,0,3,8.3333336912248273e-05
324000,0,pulse_onset,ENERGY,UNSUPPORTED,0,3,8.3333336818767494e-05
336000,0,pulse_onset,ENERGY,UNSUPPORTED,0,3,8.3333336725286715e-05
348000,0,pulse_onset,ENERGY,UNSUPPORTED,0,3,8.3333336631805937e-05
360000,0,pulse_onset,ENERGY,UNSUPPORTED,0,3,8.3333336538325158e-05
372000,0,pulse_onset,ENERGY,UNSUPPORTED,0,3,8.3333336444844379e-05
384000,11,accepted_control,PULSE,UNSUPPORTED,5,5,3.0180302701410255e-12
384000,12,accepted_control,BREAK,UNSUPPORTED,0,5,3.0180302701410255e-12
384000,0,pulse_onset,ENERGY,UNSUPPORTED,0,5,0.00016666666968469693
390000,0,pulse_onset,ENERGY,UNSUPPORTED,0,5,0.0001666666696078695
396000,0,pulse_onset,ENERGY,UNSUPPORTED,0,5,0.00016666666953104206
402000,0,pulse_onset,ENERGY,UNSUPPORTED,0,5,0.00016666666945421463
408000,0,pulse_onset,ENERGY,UNSUPPORTED,0,5,0.0001666666693773872
414000,0,pulse_onset,ENERGY,UNSUPPORTED,0,5,0.00016666666930055976
420000,0,pulse_onset,ENERGY,UNSUPPORTED,0,5,0.00016666666922373233
426000,0,pulse_onset,ENERGY,UNSUPPORTED,0,5,0.0001666666691469049
432000,13,accepted_control,BREAK,UNSUPPORTED,0,5,2.4034108037085389e-12
432000,0,pulse_onset,ENERGY,UNSUPPORTED,0,5,0.00016666666907007746
438000,0,pulse_onset,ENERGY,UNSUPPORTED,0,5,0.00016666666899325003
444000,0,pulse_onset,ENERGY,UNSUPPORTED,0,5,0.0001666666689164226
450000,0,pulse_onset,ENERGY,UNSUPPORTED,0,5,0.00016666666883959516
456000,0,pulse_onset,ENERGY,UNSUPPORTED,0,5,0.00016666666876276773
462000,0,pulse_onset,ENERGY,UNSUPPORTED,0,5,0.0001666666686859403
468000,0,pulse_onset,ENERGY,UNSUPPORTED,0,5,0.00016666666860911286
474000,0,pulse_onset,ENERGY,UNSUPPORTED,0,5,0.00016666666853228543
480000,14,accepted_control,BREAK,UNSUPPORTED,0,5,1.7887913372760522e-12
480000,0,pulse_onset,ENERGY,UNSUPPORTED,0,5,0.000166666668455458
486000,0,pulse_onset,ENERGY,UNSUPPORTED,0,5,0.00016666666837863057
492000,0,pulse_onset,ENERGY,UNSUPPORTED,0,5,0.00016666666830180313
498000,0,pulse_onset,ENERGY,UNSUPPORTED,0,5,0.0001666666682249757
504000,0,pulse_onset,ENERGY,UNSUPPORTED,0,5,0.00016666666814814827
510000,0,pulse_onset,ENERGY,UNSUPPORTED,0,5,0.00016666666807132083
516000,0,pulse_onset,ENERGY,UNSUPPORTED,0,5,0.0001666666679944934
522000,0,pulse_onset,ENERGY,UNSUPPORTED,0,5,0.00016666666791766597
528000,0,pulse_onset,ENERGY,UNSUPPORTED,0,5,0.00016666666784083853
534000,0,pulse_onset,ENERGY,UNSUPPORTED,0,5,0.0001666666677640111
540000,0,pulse_onset,ENERGY,UNSUPPORTED,0,5,0.00016666666768718367
546000,0,pulse_onset,ENERGY,UNSUPPORTED,0,5,0.00016666666761035623
552000,0,pulse_onset,ENERGY,UNSUPPORTED,0,5,0.0001666666675335288
558000,0,pulse_onset,ENERGY,UNSUPPORTED,0,5,0.00016666666745670137
564000,0,pulse_onset,ENERGY,UNSUPPORTED,0,5,0.00016666666737987393
570000,0,pulse_onset,ENERGY,UNSUPPORTED,0,5,0.0001666666673030465
576000,15,accepted_control,PULSE,UNSUPPORTED,7,7,5.595524044110789e-13
576000,16,accepted_control,BREAK,UNSUPPORTED,0,7,5.595524044110789e-13
576000,0,pulse_onset,ENERGY,UNSUPPORTED,0,7,0.00033333333389288573
579000,0,pulse_onset,ENERGY,UNSUPPORTED,0,7,0.00033333333384936498
582000,0,pulse_onset,ENERGY,UNSUPPORTED,0,7,0.00033333333380584424
585000,0,pulse_onset,ENERGY,UNSUPPORTED,0,7,0.0003333333337623235
588000,0,pulse_onset,ENERGY,UNSUPPORTED,0,7,0.00033333333371880276
591000,0,pulse_onset,ENERGY,UNSUPPORTED,0,7,0.00033333333367528201
594000,0,pulse_onset,ENERGY,UNSUPPORTED,0,7,0.00033333333363176127
597000,0,pulse_onset,ENERGY,UNSUPPORTED,0,7,0.00033333333358824053
600000,0,pulse_onset,ENERGY,UNSUPPORTED,0,7,0.00033333333354471979
603000,0,pulse_onset,ENERGY,UNSUPPORTED,0,7,0.00033333333350119904
606000,0,pulse_onset,ENERGY,UNSUPPORTED,0,7,0.0003333333334576783
609000,0,pulse_onset,ENERGY,UNSUPPORTED,0,7,0.00033333333341415756
612000,0,pulse_onset,ENERGY,UNSUPPORTED,0,7,0.00033333333337063682
615001,0,pulse_onset,ENERGY,UNSUPPORTED,0,7,0.00066666666666041264
618001,0,pulse_onset,ENERGY,UNSUPPORTED,0,7,0.0006666666666168919
621001,0,pulse_onset,ENERGY,UNSUPPORTED,0,7,0.00066666666657337116
624000,17,accepted_control,BREAK,UNSUPPORTED,0,7,0.99999999999986322
624001,0,pulse_onset,ENERGY,UNSUPPORTED,0,7,0.00066666666652985041
627001,0,pulse_onset,ENERGY,UNSUPPORTED,0,7,0.00066666666648632967
630001,0,pulse_onset,ENERGY,UNSUPPORTED,0,7,0.00066666666644280893
633001,0,pulse_onset,ENERGY,UNSUPPORTED,0,7,0.00066666666639928819
636001,0,pulse_onset,ENERGY,UNSUPPORTED,0,7,0.00066666666635576744
639001,0,pulse_onset,ENERGY,UNSUPPORTED,0,7,0.0006666666663122467
642001,0,pulse_onset,ENERGY,UNSUPPORTED,0,7,0.00066666666626872596
645001,0,pulse_onset,ENERGY,UNSUPPORTED,0,7,0.00066666666622520522
648001,0,pulse_onset,ENERGY,UNSUPPORTED,0,7,0.00066666666618168447
651001,0,pulse_onset,ENERGY,UNSUPPORTED,0,7,0.00066666666613816373
654001,0,pulse_onset,ENERGY,UNSUPPORTED,0,7,0.00066666666609464299
657001,0,pulse_onset,ENERGY,UNSUPPORTED,0,7,0.00066666666605112225
660001,0,pulse_onset,ENERGY,UNSUPPORTED,0,7,0.0006666666660076015
663001,0,pulse_onset,ENERGY,UNSUPPORTED,0,7,0.00066666666596408076
666001,0,pulse_onset,ENERGY,UNSUPPORTED,0,7,0.00066666666592056002
669001,0,pulse_onset,ENERGY,UNSUPPORTED,0,7,0.00066666666587703927
672000,18,accepted_control,BREAK,UNSUPPORTED,0,7,0.99999999999916689
672001,0,pulse_onset,ENERGY,UNSUPPORTED,0,7,0.00066666666583351853
675001,0,pulse_onset,ENERGY,UNSUPPORTED,0,7,0.00066666666578999779
678001,0,pulse_onset,ENERGY,UNSUPPORTED,0,7,0.00066666666574647705
681001,0,pulse_onset,ENERGY,UNSUPPORTED,0,7,0.0006666666657029563
684001,0,pulse_onset,ENERGY,UNSUPPORTED,0,7,0.00066666666565943556
687001,0,pulse_onset,ENERGY,UNSUPPORTED,0,7,0.00066666666561591482
690001,0,pulse_onset,ENERGY,UNSUPPORTED,0,7,0.00066666666557239408
693001,0,pulse_onset,ENERGY,UNSUPPORTED,0,7,0.00066666666552887333
696001,0,pulse_onset,ENERGY,UNSUPPORTED,0,7,0.00066666666548535259
699001,0,pulse_onset,ENERGY,UNSUPPORTED,0,7,0.00066666666544183185
702001,0,pulse_onset,ENERGY,UNSUPPORTED,0,7,0.00066666666539831111
705001,0,pulse_onset,ENERGY,UNSUPPORTED,0,7,0.00066666666535479036
708001,0,pulse_onset,ENERGY,UNSUPPORTED,0,7,0.00066666666531126962
711001,0,pulse_onset,ENERGY,UNSUPPORTED,0,7,0.00066666666526774888
714001,0,pulse_onset,ENERGY,UNSUPPORTED,0,7,0.00066666666522422814
717001,0,pulse_onset,ENERGY,UNSUPPORTED,0,7,0.00066666666518070739
720001,0,pulse_onset,ENERGY,UNSUPPORTED,0,7,0.00066666666513718665
723001,0,pulse_onset,ENERGY,UNSUPPORTED,0,7,0.00066666666509366591
726001,0,pulse_onset,ENERGY,UNSUPPORTED,0,7,0.00066666666505014517
729001,0,pulse_onset,ENERGY,UNSUPPORTED,0,7,0.00066666666500662442
732001,0,pulse_onset,ENERGY,UNSUPPORTED,0,7,0.00066666666496310368
735001,0,pulse_onset,ENERGY,UNSUPPORTED,0,7,0.00066666666491958294
738001,0,pulse_onset,ENERGY,UNSUPPORTED,0,7,0.0006666666648760622
741001,0,pulse_onset,ENERGY,UNSUPPORTED,0,7,0.00066666666483254145
744001,0,pulse_onset,ENERGY,UNSUPPORTED,0,7,0.00066666666478902071
747001,0,pulse_onset,ENERGY,UNSUPPORTED,0,7,0.00066666666474549997
750001,0,pulse_onset,ENERGY,UNSUPPORTED,0,7,0.00066666666470197923
753001,0,pulse_onset,ENERGY,UNSUPPORTED,0,7,0.00066666666465845848
756001,0,pulse_onset,ENERGY,UNSUPPORTED,0,7,0.00066666666461493774
759001,0,pulse_onset,ENERGY,UNSUPPORTED,0,7,0.000666666664571417
762001,0,pulse_onset,ENERGY,UNSUPPORTED,0,7,0.00066666666452789626
765001,0,pulse_onset,ENERGY,UNSUPPORTED,0,7,0.00066666666448437551
768000,19,accepted_control,PULSE,UNSUPPORTED,2,2,0.99999999999777422
768000,20,accepted_control,BREAK,UNSUPPORTED,0,2,0.99999999999777422
768001,0,pulse_onset,ENERGY,UNSUPPORTED,0,2,8.3333331107609128e-05
792001,0,pulse_onset,ENERGY,UNSUPPORTED,0,2,8.3333331671824469e-05
816001,0,pulse_onset,ENERGY,UNSUPPORTED,0,2,8.333333223603981e-05
840001,0,pulse_onset,ENERGY,UNSUPPORTED,0,2,8.3333332800255151e-05
864000,21,accepted_control,PULSE,UNSUPPORTED,3,3,3.1086244689504383e-14
864000,0,pulse_onset,ENERGY,UNSUPPORTED,0,3,8.3333333364419575e-05
876001,0,pulse_onset,ENERGY,UNSUPPORTED,0,3,0.00016666666660437396
888001,0,pulse_onset,ENERGY,UNSUPPORTED,0,3,0.00016666666651089318
900001,0,pulse_onset,ENERGY,UNSUPPORTED,0,3,0.0001666666664174124
912001,0,pulse_onset,ENERGY,UNSUPPORTED,0,3,0.00016666666632393162
924001,0,pulse_onset,ENERGY,UNSUPPORTED,0,3,0.00016666666623045085
936001,0,pulse_onset,ENERGY,UNSUPPORTED,0,3,0.00016666666613697007
948001,0,pulse_onset,ENERGY,UNSUPPORTED,0,3,0.00016666666604348929
960000,22,accepted_control,PULSE,UNSUPPORTED,5,5,0.99999999999928335
960001,0,pulse_onset,ENERGY,UNSUPPORTED,0,5,0.000333333332616777
966001,0,pulse_onset,ENERGY,UNSUPPORTED,0,5,0.00033333333253994957
972001,0,pulse_onset,ENERGY,UNSUPPORTED,0,5,0.00033333333246312214
978001,0,pulse_onset,ENERGY,UNSUPPORTED,0,5,0.0003333333323862947
984001,0,pulse_onset,ENERGY,UNSUPPORTED,0,5,0.00033333333230946727
990001,0,pulse_onset,ENERGY,UNSUPPORTED,0,5,0.00033333333223263984
996001,0,pulse_onset,ENERGY,UNSUPPORTED,0,5,0.00033333333215581241
1002001,0,pulse_onset,ENERGY,UNSUPPORTED,0,5,0.00033333333207898497
1008001,0,pulse_onset,ENERGY,UNSUPPORTED,0,5,0.00033333333200215754
1014001,0,pulse_onset,ENERGY,UNSUPPORTED,0,5,0.00033333333192533011
1020001,0,pulse_onset,ENERGY,UNSUPPORTED,0,5,0.00033333333184850267
1026001,0,pulse_onset,ENERGY,UNSUPPORTED,0,5,0.00033333333177167524
1032001,0,pulse_onset,ENERGY,UNSUPPORTED,0,5,0.00033333333169484781
1038001,0,pulse_onset,ENERGY,UNSUPPORTED,0,5,0.00033333333161802037
1044001,0,pulse_onset,ENERGY,UNSUPPORTED,0,5,0.00033333333154119294
1050001,0,pulse_onset,ENERGY,UNSUPPORTED,0,5,0.00033333333146436551
1056000,23,accepted_control,PULSE,UNSUPPORTED,7,7,0.99999999999805422
1056001,0,pulse_onset,ENERGY,UNSUPPORTED,0,7,0.00066666666472085302
1059001,0,pulse_onset,ENERGY,UNSUPPORTED,0,7,0.00066666666467733227
1062001,0,pulse_onset,ENERGY,UNSUPPORTED,0,7,0.00066666666463381153
1065001,0,pulse_onset,ENERGY,UNSUPPORTED,0,7,0.00066666666459029079
1068001,0,pulse_onset,ENERGY,UNSUPPORTED,0,7,0.00066666666454677005
1071001,0,pulse_onset,ENERGY,UNSUPPORTED,0,7,0.0006666666645032493
1074001,0,pulse_onset,ENERGY,UNSUPPORTED,0,7,0.00066666666445972856
1077001,0,pulse_onset,ENERGY,UNSUPPORTED,0,7,0.00066666666441620782
1080001,0,pulse_onset,ENERGY,UNSUPPORTED,0,7,0.00066666666437268708
1083001,0,pulse_onset,ENERGY,UNSUPPORTED,0,7,0.00066666666432916633
1086001,0,pulse_onset,ENERGY,UNSUPPORTED,0,7,0.00066666666428564559
1089001,0,pulse_onset,ENERGY,UNSUPPORTED,0,7,0.00066666666424212485
1092001,0,pulse_onset,ENERGY,UNSUPPORTED,0,7,0.00066666666419860411
1095001,0,pulse_onset,ENERGY,UNSUPPORTED,0,7,0.00066666666415508336
1098001,0,pulse_onset,ENERGY,UNSUPPORTED,0,7,0.00066666666411156262
1101001,0,pulse_onset,ENERGY,UNSUPPORTED,0,7,0.00066666666406804188
1104001,0,pulse_onset,ENERGY,UNSUPPORTED,0,7,0.00066666666402452114
1107001,0,pulse_onset,ENERGY,UNSUPPORTED,0,7,0.00066666666398100039
1110001,0,pulse_onset,ENERGY,UNSUPPORTED,0,7,0.00066666666393747965
1113001,0,pulse_onset,ENERGY,UNSUPPORTED,0,7,0.00066666666389395891
1116001,0,pulse_onset,ENERGY,UNSUPPORTED,0,7,0.00066666666385043817
1119001,0,pulse_onset,ENERGY,UNSUPPORTED,0,7,0.00066666666380691742
1122001,0,pulse_onset,ENERGY,UNSUPPORTED,0,7,0.00066666666376339668
1125001,0,pulse_onset,ENERGY,UNSUPPORTED,0,7,0.00066666666371987594
1128001,0,pulse_onset,ENERGY,UNSUPPORTED,0,7,0.0006666666636763552
1131001,0,pulse_onset,ENERGY,UNSUPPORTED,0,7,0.00066666666363283445
1134001,0,pulse_onset,ENERGY,UNSUPPORTED,0,7,0.00066666666358931371
1137001,0,pulse_onset,ENERGY,UNSUPPORTED,0,7,0.00066666666354579297
1140001,0,pulse_onset,ENERGY,UNSUPPORTED,0,7,0.00066666666350227223
1143001,0,pulse_onset,ENERGY,UNSUPPORTED,0,7,0.00066666666345875148
1146001,0,pulse_onset,ENERGY,UNSUPPORTED,0,7,0.00066666666341523074
1149001,0,pulse_onset,ENERGY,UNSUPPORTED,0,7,0.00066666666337171
