sample_index,ingress_sequence,kind,control,action,value,active_rate_index,active_holes,scheduler_error,effective_edge_frames,cut
0,0,accepted_control,TENSION,UNSUPPORTED,0.72000002861022949,0,3,0,192,0
0,1,accepted_control,SHADOW,UNSUPPORTED,0.80000001192092896,0,3,0,192,0
0,2,accepted_control,UNDER,UNSUPPORTED,2,0,3,0,192,0
0,3,accepted_control,HOLES,UNSUPPORTED,3,0,3,0,192,0
0,4,accepted_control,CUT,UNSUPPORTED,0,0,3,0,192,0
0,0,beat_boundary,TEMPO,UNSUPPORTED,120,0,3,0,192,0
0,0,rhythm_commit,CUT,UNSUPPORTED,0,0,3,0,192,0
24000,0,beat_boundary,TEMPO,UNSUPPORTED,120,0,3,0,192,0
48000,0,beat_boundary,TEMPO,UNSUPPORTED,120,0,3,0,192,0
72000,0,beat_boundary,TEMPO,UNSUPPORTED,120,0,3,0,192,0
96000,0,beat_boundary,TEMPO,UNSUPPORTED,120,0,3,0,192,0
120000,0,beat_boundary,TEMPO,UNSUPPORTED,120,0,3,0,192,0
144000,0,beat_boundary,TEMPO,UNSUPPORTED,120,0,3,0,192,0
168000,0,beat_boundary,TEMPO,UNSUPPORTED,120,0,3,0,192,0
192000,5,accepted_control,CUT,UNSUPPORTED,1,0,3,0,192,0
192000,0,beat_boundary,TEMPO,UNSUPPORTED,120,0,3,0,192,0
192000,0,rhythm_commit,CUT,UNSUPPORTED,1,1,3,0,192,0
192000,0,opportunity,CUT,UNSUPPORTED,0.5,1,3,3,192,0
216000,0,beat_boundary,TEMPO,UNSUPPORTED,120,1,3,3,192,0
240000,0,beat_boundary,TEMPO,UNSUPPORTED,120,1,3,3,192,0
240000,0,opportunity,CUT,UNSUPPORTED,0.5,1,3,6,192,0
264000,0,beat_boundary,TEMPO,UNSUPPORTED,120,1,3,6,192,0
288000,0,beat_boundary,TEMPO,UNSUPPORTED,120,1,3,6,192,0
288000,0,opportunity,CUT,UNSUPPORTED,0.5,1,3,1,192,1
312000,0,beat_boundary,TEMPO,UNSUPPORTED,120,1,3,1,192,1
336000,0,beat_boundary,TEMPO,UNSUPPORTED,120,1,3,1,192,1
336000,0,opportunity,CUT,UNSUPPORTED,0.5,1,3,4,192,0
360000,0,beat_boundary,TEMPO,UNSUPPORTED,120,1,3,4,192,0
384000,6,accepted_control,CUT,UNSUPPORTED,2,1,3,4,192,0
384000,0,beat_boundary,TEMPO,UNSUPPORTED,120,1,3,4,192,0
384000,0,rhythm_commit,CUT,UNSUPPORTED,2,2,3,4,192,0
384000,0,opportunity,CUT,UNSUPPORTED,1,2,3,7,192,0
408000,0,beat_boundary,TEMPO,UNSUPPORTED,120,2,3,7,192,0
408000,0,opportunity,CUT,UNSUPPORTED,1,2,3,2,192,1
432000,0,beat_boundary,TEMPO,UNSUPPORTED,120,2,3,2,192,1
432000,0,opportunity,CUT,UNSUPPORTED,1,2,3,5,192,0
456000,0,beat_boundary,TEMPO,UNSUPPORTED,120,2,3,5,192,0
456000,0,opportunity,CUT,UNSUPPORTED,1,2,3,0,192,1
480000,0,beat_boundary,TEMPO,UNSUPPORTED,120,2,3,0,192,1
480000,0,opportunity,CUT,UNSUPPORTED,1,2,3,3,192,0
504000,0,beat_boundary,TEMPO,UNSUPPORTED,120,2,3,3,192,0
504000,0,opportunity,CUT,UNSUPPORTED,1,2,3,6,192,0
528000,0,beat_boundary,TEMPO,UNSUPPORTED,120,2,3,6,192,0
528000,0,opportunity,CUT,UNSUPPORTED,1,2,3,1,192,1
552000,0,beat_boundary,TEMPO,UNSUPPORTED,120,2,3,1,192,1
552000,0,opportunity,CUT,UNSUPPORTED,1,2,3,4,192,0
576000,7,accepted_control,CUT,UNSUPPORTED,3,2,3,4,192,0
576000,0,beat_boundary,TEMPO,UNSUPPORTED,120,2,3,4,192,0
576000,0,rhythm_commit,CUT,UNSUPPORTED,3,3,3,4,192,0
576000,0,opportunity,CUT,UNSUPPORTED,1.5,3,3,7,192,0
592000,0,opportunity,CUT,UNSUPPORTED,1.5,3,3,2,192,1
600000,0,beat_boundary,TEMPO,UNSUPPORTED,120,3,3,2,192,1
608000,0,opportunity,CUT,UNSUPPORTED,1.5,3,3,5,192,0
624000,0,beat_boundary,TEMPO,UNSUPPORTED,120,3,3,5,192,0
624000,0,opportunity,CUT,UNSUPPORTED,1.5,3,3,0,192,1
640000,0,opportunity,CUT,UNSUPPORTED,1.5,3,3,3,192,0
648000,0,beat_boundary,TEMPO,UNSUPPORTED,120,3,3,3,192,0
656000,0,opportunity,CUT,UNSUPPORTED,1.5,3,3,6,192,0
672000,0,beat_boundary,TEMPO,UNSUPPORTED,120,3,3,6,192,0
672000,0,opportunity,CUT,UNSUPPORTED,1.5,3,3,1,192,1
688000,0,opportunity,CUT,UNSUPPORTED,1.5,3,3,4,192,0
696000,0,beat_boundary,TEMPO,UNSUPPORTED,120,3,3,4,192,0
704000,0,opportunity,CUT,UNSUPPORTED,1.5,3,3,7,192,0
720000,0,beat_boundary,TEMPO,UNSUPPORTED,120,3,3,7,192,0
720000,0,opportunity,CUT,UNSUPPORTED,1.5,3,3,2,192,1
736000,0,opportunity,CUT,UNSUPPORTED,1.5,3,3,5,192,0
744000,0,beat_boundary,TEMPO,UNSUPPORTED,120,3,3,5,192,0
752000,0,opportunity,CUT,UNSUPPORTED,1.5,3,3,0,192,1
768000,8,accepted_control,CUT,UNSUPPORTED,4,3,3,0,192,1
768000,0,beat_boundary,TEMPO,UNSUPPORTED,120,3,3,0,192,1
768000,0,rhythm_commit,CUT,UNSUPPORTED,4,4,3,0,192,1
768000,0,opportunity,CUT,UNSUPPORTED,2,4,3,3,192,0
780000,0,opportunity,CUT,UNSUPPORTED,2,4,3,6,192,0
792000,0,beat_boundary,TEMPO,UNSUPPORTED,120,4,3,6,192,0
792000,0,opportunity,CUT,UNSUPPORTED,2,4,3,1,192,1
804000,0,opportunity,CUT,UNSUPPORTED,2,4,3,4,192,0
816000,0,beat_boundary,TEMPO,UNSUPPORTED,120,4,3,4,192,0
816000,0,opportunity,CUT,UNSUPPORTED,2,4,3,7,192,0
828000,0,opportunity,CUT,UNSUPPORTED,2,4,3,2,192,1
840000,0,beat_boundary,TEMPO,UNSUPPORTED,120,4,3,2,192,1
840000,0,opportunity,CUT,UNSUPPORTED,2,4,3,5,192,0
852000,0,opportunity,CUT,UNSUPPORTED,2,4,3,0,192,1
864000,0,beat_boundary,TEMPO,UNSUPPORTED,120,4,3,0,192,1
864000,0,opportunity,CUT,UNSUPPORTED,2,4,3,3,192,0
876000,0,opportunity,CUT,UNSUPPORTED,2,4,3,6,192,0
888000,0,beat_boundary,TEMPO,UNSUPPORTED,120,4,3,6,192,0
888000,0,opportunity,CUT,UNSUPPORTED,2,4,3,1,192,1
900000,0,opportunity,CUT,UNSUPPORTED,2,4,3,4,192,0
912000,0,beat_boundary,TEMPO,UNSUPPORTED,120,4,3,4,192,0
912000,0,opportunity,CUT,UNSUPPORTED,2,4,3,7,192,0
924000,0,opportunity,CUT,UNSUPPORTED,2,4,3,2,192,1
936000,0,beat_boundary,TEMPO,UNSUPPORTED,120,4,3,2,192,1
936000,0,opportunity,CUT,UNSUPPORTED,2,4,3,5,192,0
948000,0,opportunity,CUT,UNSUPPORTED,2,4,3,0,192,1
960000,9,accepted_control,CUT,UNSUPPORTED,5,4,3,0,192,1
960000,0,beat_boundary,TEMPO,UNSUPPORTED,120,4,3,0,192,1
960000,0,rhythm_commit,CUT,UNSUPPORTED,5,5,3,0,192,1
960000,0,opportunity,CUT,UNSUPPORTED,3,5,3,3,192,0
968000,0,opportunity,CUT,UNSUPPORTED,3,5,3,6,192,0
976000,0,opportunity,CUT,UNSUPPORTED,3,5,3,1,192,1
984000,0,beat_boundary,TEMPO,UNSUPPORTED,120,5,3,1,192,1
984000,0,opportunity,CUT,UNSUPPORTED,3,5,3,4,192,0
992000,0,opportunity,CUT,UNSUPPORTED,3,5,3,7,192,0
1000000,0,opportunity,CUT,UNSUPPORTED,3,5,3,2,192,1
1008000,0,beat_boundary,TEMPO,UNSUPPORTED,120,5,3,2,192,1
1008000,0,opportunity,CUT,UNSUPPORTED,3,5,3,5,192,0
1016000,0,opportunity,CUT,UNSUPPORTED,3,5,3,0,192,1
1024000,0,opportunity,CUT,UNSUPPORTED,3,5,3,3,192,0
1032000,0,beat_boundary,TEMPO,UNSUPPORTED,120,5,3,3,192,0
1032000,0,opportunity,CUT,UNSUPPORTED,3,5,3,6,192,0
1040000,0,opportunity,CUT,UNSUPPORTED,3,5,3,1,192,1
1048000,0,opportunity,CUT,UNSUPPORTED,3,5,3,4,192,0
1056000,0,beat_boundary,TEMPO,UNSUPPORTED,120,5,3,4,192,0
1056000,0,opportunity,CUT,UNSUPPORTED,3,5,3,7,192,0
1064000,0,opportunity,CUT,UNSUPPORTED,3,5,3,2,192,1
1072000,0,opportunity,CUT,UNSUPPORTED,3,5,3,5,192,0
1080000,0,beat_boundary,TEMPO,UNSUPPORTED,120,5,3,5,192,0
1080000,0,opportunity,CUT,UNSUPPORTED,3,5,3,0,192,1
1088000,0,opportunity,CUT,UNSUPPORTED,3,5,3,3,192,0
1096000,0,opportunity,CUT,UNSUPPORTED,3,5,3,6,192,0
1104000,0,beat_boundary,TEMPO,UNSUPPORTED,120,5,3,6,192,0
1104000,0,opportunity,CUT,UNSUPPORTED,3,5,3,1,192,1
1112000,0,opportunity,CUT,UNSUPPORTED,3,5,3,4,192,0
1120000,0,opportunity,CUT,UNSUPPORTED,3,5,3,7,192,0
1128000,0,beat_boundary,TEMPO,UNSUPPORTED,120,5,3,7,192,0
1128000,0,opportunity,CUT,UNSUPPORTED,3,5,3,2,192,1
1136000,0,opportunity,CUT,UNSUPPORTED,3,5,3,5,192,0
1144000,0,opportunity,CUT,UNSUPPORTED,3,5,3,0,192,1
1152000,10,accepted_control,CUT,UNSUPPORTED,6,5,3,0,192,1
1152000,0,beat_boundary,TEMPO,UNSUPPORTED,120,5,3,0,192,1
1152000,0,rhythm_commit,CUT,UNSUPPORTED,6,6,3,0,192,1
1152000,0,opportunity,CUT,UNSUPPORTED,4,6,3,3,192,0
1158000,0,opportunity,CUT,UNSUPPORTED,4,6,3,6,192,0
1164000,0,opportunity,CUT,UNSUPPORTED,4,6,3,1,192,1
1170000,0,opportunity,CUT,UNSUPPORTED,4,6,3,4,192,0
1176000,0,beat_boundary,TEMPO,UNSUPPORTED,120,6,3,4,192,0
1176000,0,opportunity,CUT,UNSUPPORTED,4,6,3,7,192,0
1182000,0,opportunity,CUT,UNSUPPORTED,4,6,3,2,192,1
1188000,0,opportunity,CUT,UNSUPPORTED,4,6,3,5,192,0
1194000,0,opportunity,CUT,UNSUPPORTED,4,6,3,0,192,1
1200000,0,beat_boundary,TEMPO,UNSUPPORTED,120,6,3,0,192,1
1200000,0,opportunity,CUT,UNSUPPORTED,4,6,3,3,192,0
1206000,0,opportunity,CUT,UNSUPPORTED,4,6,3,6,192,0
1212000,0,opportunity,CUT,UNSUPPORTED,4,6,3,1,192,1
1218000,0,opportunity,CUT,UNSUPPORTED,4,6,3,4,192,0
1224000,0,beat_boundary,TEMPO,UNSUPPORTED,120,6,3,4,192,0
1224000,0,opportunity,CUT,UNSUPPORTED,4,6,3,7,192,0
1230000,0,opportunity,CUT,UNSUPPORTED,4,6,3,2,192,1
1236000,0,opportunity,CUT,UNSUPPORTED,4,6,3,5,192,0
1242000,0,opportunity,CUT,UNSUPPORTED,4,6,3,0,192,1
1248000,0,beat_boundary,TEMPO,UNSUPPORTED,120,6,3,0,192,1
1248000,0,opportunity,CUT,UNSUPPORTED,4,6,3,3,192,0
1254000,0,opportunity,CUT,UNSUPPORTED,4,6,3,6,192,0
1260000,0,opportunity,CUT,UNSUPPORTED,4,6,3,1,192,1
1266000,0,opportunity,CUT,UNSUPPORTED,4,6,3,4,192,0
1272000,0,beat_boundary,TEMPO,UNSUPPORTED,120,6,3,4,192,0
1272000,0,opportunity,CUT,UNSUPPORTED,4,6,3,7,192,0
1278000,0,opportunity,CUT,UNSUPPORTED,4,6,3,2,192,1
1284000,0,opportunity,CUT,UNSUPPORTED,4,6,3,5,192,0
1290000,0,opportunity,CUT,UNSUPPORTED,4,6,3,0,192,1
1296000,0,beat_boundary,TEMPO,UNSUPPORTED,120,6,3,0,192,1
1296000,0,opportunity,CUT,UNSUPPORTED,4,6,3,3,192,0
1302000,0,opportunity,CUT,UNSUPPORTED,4,6,3,6,192,0
1308000,0,opportunity,CUT,UNSUPPORTED,4,6,3,1,192,1
1314000,0,opportunity,CUT,UNSUPPORTED,4,6,3,4,192,0
1320000,0,beat_boundary,TEMPO,UNSUPPORTED,120,6,3,4,192,0
1320000,0,opportunity,CUT,UNSUPPORTED,4,6,3,7,192,0
1326000,0,opportunity,CUT,UNSUPPORTED,4,6,3,2,192,1
1332000,0,opportunity,CUT,UNSUPPORTED,4,6,3,5,192,0
1338000,0,opportunity,CUT,UNSUPPORTED,4,6,3,0,192,1
1344000,11,accepted_control,CUT,UNSUPPORTED,8,6,3,0,192,1
1344000,0,beat_boundary,TEMPO,UNSUPPORTED,120,6,3,0,192,1
1344000,0,rhythm_commit,CUT,UNSUPPORTED,8,8,3,0,192,1
1344000,0,opportunity,CUT,UNSUPPORTED,8,8,3,3,192,0
1347000,0,opportunity,CUT,UNSUPPORTED,8,8,3,6,192,0
1350000,0,opportunity,CUT,UNSUPPORTED,8,8,3,1,192,1
1353000,0,opportunity,CUT,UNSUPPORTED,8,8,3,4,192,0
1356000,0,opportunity,CUT,UNSUPPORTED,8,8,3,7,192,0
1359000,0,opportunity,CUT,UNSUPPORTED,8,8,3,2,192,1
1362000,0,opportunity,CUT,UNSUPPORTED,8,8,3,5,192,0
1365000,0,opportunity,CUT,UNSUPPORTED,8,8,3,0,192,1
1368000,0,beat_boundary,TEMPO,UNSUPPORTED,120,8,3,0,192,1
1368000,0,opportunity,CUT,UNSUPPORTED,8,8,3,3,192,0
1371000,0,opportunity,CUT,UNSUPPORTED,8,8,3,6,192,0
1374000,0,opportunity,CUT,UNSUPPORTED,8,8,3,1,192,1
1377000,0,opportunity,CUT,UNSUPPORTED,8,8,3,4,192,0
1380000,0,opportunity,CUT,UNSUPPORTED,8,8,3,7,192,0
1383000,0,opportunity,CUT,UNSUPPORTED,8,8,3,2,192,1
1386000,0,opportunity,CUT,UNSUPPORTED,8,8,3,5,192,0
1389000,0,opportunity,CUT,UNSUPPORTED,8,8,3,0,192,1
1392000,0,beat_boundary,TEMPO,UNSUPPORTED,120,8,3,0,192,1
1392000,0,opportunity,CUT,UNSUPPORTED,8,8,3,3,192,0
1395000,0,opportunity,CUT,UNSUPPORTED,8,8,3,6,192,0
1398000,0,opportunity,CUT,UNSUPPORTED,8,8,3,1,192,1
1401000,0,opportunity,CUT,UNSUPPORTED,8,8,3,4,192,0
1404000,0,opportunity,CUT,UNSUPPORTED,8,8,3,7,192,0
1407000,0,opportunity,CUT,UNSUPPORTED,8,8,3,2,192,1
1410000,0,opportunity,CUT,UNSUPPORTED,8,8,3,5,192,0
1413000,0,opportunity,CUT,UNSUPPORTED,8,8,3,0,192,1
1416000,0,beat_boundary,TEMPO,UNSUPPORTED,120,8,3,0,192,1
1416000,0,opportunity,CUT,UNSUPPORTED,8,8,3,3,192,0
1419000,0,opportunity,CUT,UNSUPPORTED,8,8,3,6,192,0
1422000,0,opportunity,CUT,UNSUPPORTED,8,8,3,1,192,1
1425000,0,opportunity,CUT,UNSUPPORTED,8,8,3,4,192,0
1428000,0,opportunity,CUT,UNSUPPORTED,8,8,3,7,192,0
1431000,0,opportunity,CUT,UNSUPPORTED,8,8,3,2,192,1
1434000,0,opportunity,CUT,UNSUPPORTED,8,8,3,5,192,0
1437000,0,opportunity,CUT,UNSUPPORTED,8,8,3,0,192,1
1440000,0,beat_boundary,TEMPO,UNSUPPORTED,120,8,3,0,192,1
1440000,0,opportunity,CUT,UNSUPPORTED,8,8,3,3,192,0
1443000,0,opportunity,CUT,UNSUPPORTED,8,8,3,6,192,0
1446000,0,opportunity,CUT,UNSUPPORTED,8,8,3,1,192,1
1449000,0,opportunity,CUT,UNSUPPORTED,8,8,3,4,192,0
1452000,0,opportunity,CUT,UNSUPPORTED,8,8,3,7,192,0
1455000,0,opportunity,CUT,UNSUPPORTED,8,8,3,2,192,1
1458000,0,opportunity,CUT,UNSUPPORTED,8,8,3,5,192,0
1461000,0,opportunity,CUT,UNSUPPORTED,8,8,3,0,192,1
1464000,0,beat_boundary,TEMPO,UNSUPPORTED,120,8,3,0,192,1
1464000,0,opportunity,CUT,UNSUPPORTED,8,8,3,3,192,0
1467000,0,opportunity,CUT,UNSUPPORTED,8,8,3,6,192,0
1470000,0,opportunity,CUT,UNSUPPORTED,8,8,3,1,192,1
1473000,0,opportunity,CUT,UNSUPPORTED,8,8,3,4,192,0
1476000,0,opportunity,CUT,UNSUPPORTED,8,8,3,7,192,0
1479000,0,opportunity,CUT,UNSUPPORTED,8,8,3,2,192,1
1482000,0,opportunity,CUT,UNSUPPORTED,8,8,3,5,192,0
1485000,0,opportunity,CUT,UNSUPPORTED,8,8,3,0,192,1
1488000,0,beat_boundary,TEMPO,UNSUPPORTED,120,8,3,0,192,1
1488000,0,opportunity,CUT,UNSUPPORTED,8,8,3,3,192,0
1491000,0,opportunity,CUT,UNSUPPORTED,8,8,3,6,192,0
1494000,0,opportunity,CUT,UNSUPPORTED,8,8,3,1,192,1
1497000,0,opportunity,CUT,UNSUPPORTED,8,8,3,4,192,0
1500000,0,opportunity,CUT,UNSUPPORTED,8,8,3,7,192,0
1503000,0,opportunity,CUT,UNSUPPORTED,8,8,3,2,192,1
1506000,0,opportunity,CUT,UNSUPPORTED,8,8,3,5,192,0
1509000,0,opportunity,CUT,UNSUPPORTED,8,8,3,0,192,1
1512000,0,beat_boundary,TEMPO,UNSUPPORTED,120,8,3,0,192,1
1512000,0,opportunity,CUT,UNSUPPORTED,8,8,3,3,192,0
1515000,0,opportunity,CUT,UNSUPPORTED,8,8,3,6,192,0
1518000,0,opportunity,CUT,UNSUPPORTED,8,8,3,1,192,1
1521000,0,opportunity,CUT,UNSUPPORTED,8,8,3,4,192,0
1524000,0,opportunity,CUT,UNSUPPORTED,8,8,3,7,192,0
1527000,0,opportunity,CUT,UNSUPPORTED,8,8,3,2,192,1
1530000,0,opportunity,CUT,UNSUPPORTED,8,8,3,5,192,0
1533000,0,opportunity,CUT,UNSUPPORTED,8,8,3,0,192,1
